Coord_X,Coord_Y,placeholder
58.34500761653292,-82.57414005969186,a
5.778983950580896,-95.95632051193486,b
13.608912218786461,66.5239691095876,c
85.1193276585322,55.6313501899701,d
-85.7927883604226,74.00242964936383,e
