Coord_X,Coord_Y,placeholder
95.72366844655281,27.984204265504765,a
59.83171284334472,-71.32934251819071,b
-7.704127549413631,88.93378340991677,c
56.10583525729109,4.369664350014335,d
-76.34511482621336,-17.067612001895284,e
