Coord_X,Coord_Y,placeholder
-47.088877579074605,23.527099415175414,a
54.846737886843336,22.419144544484283,b
-8.76993355669029,23.386799374951384,c
13.686789773729702,88.74961570292483,d
-96.24203991272897,36.36405982069668,e
