Coord_X,Coord_Y,placeholder
-28.098419885242798,34.127573923631886,a
-12.593609240131709,-57.92348778523182,b
39.52623918545297,-74.21474046902934,c
-87.95490567414603,-36.91432981516323,d
33.35334308913354,-27.257845811475477,e
