Coord_X,Coord_Y,placeholder
14.039354083575928,-67.73809642300075,a
-12.27969730753593,30.621665093079685,b
97.67476761184524,-49.341679492043575,c
-79.59103785039439,-6.737845428738742,d
-58.22464878103306,-51.11488159967945,e
