Coord_X,Coord_Y,placeholder
35.563307359246025,15.231466883567379,a
-45.99840536156703,18.408386254367805,b
47.03880442451898,14.450381158174675,c
92.43770902348764,-55.383673471876335,d
-50.24937129600839,90.549802303397,e
