Coord_X,Coord_Y,placeholder
-68.20608327089606,-26.25496586780718,a
-77.92497176713897,64.19864596958702,b
31.265917893054684,-80.57974484138775,c
-72.36340973027724,67.58898149976078,d
-60.6835276639893,-80.78031842120738,e
