Coord_X,Coord_Y,placeholder
95.29189300267915,-92.16244154913586,a
-6.269759670459685,-43.438607484718084,b
95.35221763806743,-75.96068775736622,c
20.969103949009195,-40.771960495571015,d
47.85271587966034,-76.25445620915119,e
