Coord_X,Coord_Y,placeholder
-36.403364121204795,-46.92210181211092,a
-17.147401097066005,4.649610693339934,b
-87.17050073024313,-81.21189784831166,c
38.49442387400397,15.189299111235854,d
13.32029084131503,85.85923951524282,e
