Coord_X,Coord_Y,placeholder
-36.286209509735265,-63.361727598576636,a
33.48207599273634,17.30258696201663,b
-73.64042751912156,-95.9784907625013,c
43.26544082371311,65.78800584347262,d
-42.11878141055978,-99.06090476149059,e
